{ "icon-medicine-1": 59906, "icon-pill-42-1": 59907, "icon-medicine-2": 59908, "icon-pill-42-2": 59909, "icon-trash": 59910, "icon-bin": 59911, "icon-e-remove": 59912, "icon-i-remove": 59913, "icon-calendar": 59914, "icon-calendar-2": 59915, "icon-calendar-event-2": 59916, "icon-calendar-event-create": 59917, "icon-calendar-event": 59918, "icon-calendar-date": 59919, "icon-calendar-date-2": 59920, "icon-opening-times": 59921, "icon-event-create": 59922, "icon-event-confirm": 59923, "icon-workout-plan": 59924, "icon-clock": 59925, "icon-time-alarm": 59926, "icon-time-clock": 59927, "icon--stopwatch": 59928, "icon-time": 59929, "icon-o-warning": 59930, "icon-c-warning": 59931, "icon-s-warning": 59932, "icon-t-warning": 59933, "icon-exclamation": 59934, "icon-video-player": 59935, "icon-media-player": 59936, "icon-play-media": 59937, "icon-video": 59938, "icon-microphone": 59939, "icon-phone-button": 59940, "icon-phone-camera-front": 59941, "icon-mobile-contact": 59942, "icon-phone-toolbar": 59943, "icon-screen-rotation": 59944, "icon-mobile-phone": 59945, "icon-phone-call": 59946, "icon-phone-call-end": 59947, "icon-phone": 59948, "icon-phone-camera-back": 59949, "icon-sync-devices": 59950, "icon-tablet-mobile": 59951, "icon-mirror-tablet-phone": 59952, "icon-back-78": 59953, "icon-back-arrow": 59954, "icon-cloud-download-93": 59955, "icon-cloud-download-95": 59956, "icon-migration": 59957, "icon-cloud-upload-96": 59958, "icon-computer-upload": 59959, "icon-corner-down-round": 59960, "icon-turn-s": 59961, "icon-corner-left-round": 59962, "icon-turn-w": 59963, "icon-corner-right-round": 59964, "icon-turn-e": 59965, "icon-corner-up-round": 59966, "icon-turn-n": 59967, "icon-cursor-48": 59968, "icon-cursor-49": 59969, "icon-cursor-text": 59970, "icon-cursor-pointer": 59971, "icon-arrow-bottom-left": 59972, "icon-arrow-bottom-right": 59973, "icon-arrow-top-left": 59974, "icon-arrow-top-right": 59975, "icon-download": 59976, "icon-download-3": 59977, "icon-enlarge-diagonal-43": 59978, "icon-move-down": 59979, "icon-move-left": 59980, "icon-move-right": 59981, "icon-move-up": 59982, "icon-open-in-browser": 59983, "icon-enter": 59984, "icon-fullscreen-double-74": 59985, "icon-fullscreen-double-75": 59986, "icon-goal-65": 59987, "icon-gps": 59988, "icon-move-layer-left": 59989, "icon-move-layer-right": 59990, "icon-move-layer-down": 59991, "icon-move-layer-up": 59992, "icon-input": 59993, "icon-lines": 59994, "icon-launch-app": 59995, "icon-launch": 59996, "icon-log-in": 59997, "icon-log-out": 59998, "icon-logout": 59999, "icon-cycle": 60000, "icon-loop-82": 60001, "icon-loop-83": 60002, "icon-down-arrow": 60003, "icon-left-arrow": 60004, "icon-right-arrow": 60005, "icon-up-arrow": 60006, "icon-ctrl-down": 60007, "icon-ctrl-left": 60008, "icon-ctrl-right": 60009, "icon-ctrl-up": 60010, "icon-swap-horizontal": 60011, "icon-arrow-up": 60012, "icon-arrow-down": 60013, "icon-arrow-left": 60014, "icon-arrow-right": 60015, "icon-folder-add": 60016, "icon-add-file": 60017, "icon-file-add": 60018, "icon-save-for-later": 60019, "icon-calendar-event-3": 60020, "icon-calendar-event-2-2": 60021, "icon-n-check": 60022, "icon-d-check": 60023, "icon-check": 60024, "icon-check-double": 60025, "icon-check-single": 60026, "icon-a-delete": 60027, "icon-a-check": 60028, "icon-a-add": 60029, "icon-circle-08": 60030, "icon-circle-10": 60031, "icon-circle-09": 60032, "icon-multiple-11": 60033, "icon-multiple": 60034, "icon-woman-24": 60035, "icon-focus": 60036, "icon-sort-tool": 60037, "icon-zoom": 60038, "icon-check-all": 60039, "icon-settings-gear": 60040, "icon-cogwheel": 60041, "icon-sort-tool-2": 60042, "icon-system-preferences": 60043, "icon-setup-preferences": 60044, "icon-download-data": 60045, "icon-upload-data": 60046, "icon-doctor": 60047, "icon-temperature": 60048, "icon-c-add": 60049, "icon-c-delete": 60050, "icon-video-2": 60051, "icon-video-off": 60052, "icon-lock-portrait": 60053, "icon-unlocked": 60054, "icon-lock": 60055, "icon-pill-42": 60056, "icon-pill-42-5": 60058, "icon-phone-camera-front-2": 60059, "icon-phone-button-2": 60060, "icon-virtual-assistant-2": 60061, "icon-time-2": 60062, "icon-medicine": 60063, "icon-phone-2": 60064, "icon-c-delete-2": 60065, "icon-c-remove": 60066, "icon-e-delete": 60067, "icon-e-remove-2": 60068, "icon-i-delete": 60069, "icon-i-remove-2": 60070, "icon-c-delete-3": 60071, "icon-c-remove-2": 60072, "icon-e-delete-2": 60073, "icon-e-remove-3": 60074, "icon-i-delete-2": 60075, "icon-i-remove-3": 60076, "icon-phone-3": 60077, "icon-phone-call-2": 60078, "icon-phone-4": 60079, "icon-reload": 60080, "icon-info": 60081, "icon-c-info-1": 60082, "icon-c-question-2": 60083, "icon-c-info-2": 60084, "icon-c-question-1": 60085, "icon-small-down": 60086, "icon-small-left": 60087, "icon-small-right": 60088, "icon-small-up": 60089, "icon-sound": 60090, "icon-volume": 60091, "icon-volume-2": 60092, "icon-volume-mute": 60093, "icon-alarm-disable": 60094, "icon-bell": 60095, "icon-circle-in": 60096, "icon-attachment": 60097, "icon-system-update": 60098, "icon-file-download-89": 60099, "icon-launch-app-2": 60100, "icon-launch-2": 60101, "icon-launch-app-3": 60102, "icon-launch-3": 60103, "icon-currency-exchange": 60104, "icon-cursor-48-2": 60105, "icon-cursor-49-2": 60106, "icon-cursor-pointer-2": 60107, "icon-download-3-2": 60108, "icon-download-file": 60109, "icon-download-2": 60110, "icon-export": 60111, "icon-letter": 60112, "icon-phone-heartbeat": 60113, "icon-heartbeat": 60114, "icon-phone-heartbeat-2": 60115, "icon-b-meeting": 60116, "icon-comment": 60117, "icon-f-comment": 60118, "icon-flag-points-32": 60119, "icon-newsletter": 60120, "icon-ruler-pencil": 60121, "icon-pencil": 60122, "icon-send": 60123, "icon-b-comment": 60124, "icon-feedback": 60125, "icon-c-warning-2": 60126, "icon-t-warning-2": 60127, "icon-o-warning-2": 60128, "icon-i-add": 60129, "icon-e-add": 60130, "icon-s-add": 60131, "icon-cil-trash": 60132, "icon-trash-2": 60133, "icon-trash-3": 60134, "icon-trash-4": 60135, "icon-delete-forever": 60136, "icon-accessibility": 60137, "icon-wheelchair": 60138, "icon-deaf": 60139, "icon-screen-reader": 60140, "icon-tty": 60141, "icon-dog-leash": 60142, "icon-wheelchair-2": 60143, "icon-wheelchair-ramp": 60144, "icon-pen-01": 60145, "icon-url": 60146, "icon-d-edit": 60147, "icon-edit-2": 60148, "icon-cursor-text-2": 60149, "icon-f-remove": 60150, "icon-star-rate-1": 60151, "icon-star-rate-2": 60152, "icon-mortar": 60153, "icon-pig": 60154, "icon-thumb-down": 60155, "icon-thumb-up": 60156, "icon-heart": 60157, "icon-favorite": 60158, "icon-dots-06-1": 60159, "icon-circle-03-2": 60161, "icon-circle-03-4": 60163, "icon-circle-03-1": 60165, "icon-circle-03-3": 60167, "icon-thumb-down-2": 60169, "icon-thumb-up-2": 60170, "icon-lab": 60171, "icon-award": 60172, "icon-cockade": 60173, "icon-bookmarks-1": 60174, "icon-bookmarks-2": 60175, "icon-pill-42-4": 60176, "icon-pill-42-6": 60177, "icon-pill-43": 60178, "icon-medicine-4": 60179, "icon-cure": 60180, "icon-medication": 60181, "icon-watch": 60182, "icon-medical-clipboard": 60183, "icon-printer": 60184, "icon-print": 60185, "icon-ban": 60186, "icon-thumb-up-3": 60187, "icon-brain": 60188, "icon-menu-8": 60189, "icon-disinfectant": 60190, "icon-medical-clipboard-2": 60191, "icon-todo": 60192, "icon-file-article": 60193, "icon-man-23": 60194, "icon-virus": 60195, "icon-wash-hands": 60196, "icon-sneeze": 60197, "icon-runny-nose": 60198, "icon-lungs-infection": 60199, "icon-stretching": 60200, "icon-pulse": 60201, "icon-watch-heartbeat": 60202, "icon-s-pulse": 60203, "icon-c-pulse": 60204, "icon-atom": 60205, "icon-bag-49": 60206, "icon-bag-50": 60207, "icon-brain-2": 60208, "icon-dna-27": 60209, "icon-dna-38": 60210, "icon-flask-2": 60211, "icon-flask": 60212, "icon-heartbeat-2": 60213, "icon-height": 60214, "icon-hospital-32": 60215, "icon-hospital-33": 60216, "icon-hospital-34": 60217, "icon-intestine": 60218, "icon-lungs": 60219, "icon-molecule-39": 60220, "icon-molecule-40": 60221, "icon-molecule": 60222, "icon-medical-clipboard-3": 60223, "icon-patch-34": 60224, "icon-pulse-chart": 60225, "icon-pulse-sleep": 60226, "icon-syringe": 60227, "icon-wheelchair-2-2": 60228, "icon-diet": 60229, "icon-nutrition": 60230, "icon-diet-plan": 60231, "icon-diet-food": 60232, "icon-watch-heart": 60233, "icon-phone-heart": 60234, "icon-potion": 60235, "icon-no-smoking": 60236, "icon-thermometer": 60237, "icon-ban-2": 60238, "icon-unlocked-2": 60239, "icon-unlink": 60240, "icon-data-upload": 60241, "icon-pin-3": 60242, "icon-crosshair": 60243, "icon-compass-2": 60244, "icon-pin-3-2": 60245, "icon-pinch": 60246, "icon-todo-2": 60247, "icon-voice-recognition": 60248, "icon-todo-3": 60249}